g,5326,"φάντασμα, ατος, τό","Noun, Neuter",phantasma,(fan'-tas-mah),"an appearance, apparition",spirit. ,"From  (G5324) phantazo; (properly concrete) a (mere) show (""phantasm""), i.e. Spectre -- spirit. <p>see GREEK  (G5324) phantazo "
g,5327,"φάραγξ, αγγος, ἡ","Noun, Feminine",pharagx,(far'-anx),"a chasm, ravine",valley. ,"Properly, strengthened from the base of  (G4008) peran or rather of  (G4486) rhegnumi; a gap or chasm, i.e. Ravine (winter-torrent) -- valley. <p>see GREEK  (G4486) rhegnumi <p>see GREEK  (G4008) peran "
g,5328,"Φαραώ, ὁ","Proper Noun, Indeclinable",Pharaó,(far-ah-o'),"Pharaoh, an Eg. king",Pharaoh. ,"Of foreign origin ( (H6547) Par'oh); Pharao (i.e. Pharoh), an Egyptian king -- Pharaoh. <p>see HEBREW  (H6547) Par'oh "
g,5329,"Φαρές, ὁ","Proper Noun, Indeclinable",Phares,(far-es'),"Perez, an Israelite",Perez,"Of Hebrew origin ( (H6557) Perets); Phares (i.e. Perets), an Israelite -- Phares. <p>see HEBREW  (H6557) Perets "
g,5330,"Φαρισαῖος, ου, ὁ","Noun, Masculine",Pharisaios,(far-is-ah'-yos),"a Pharisee, member of a Jewish religious sect",Pharisee. ,"Of Hebrew origin (compare  (H6567) parash); a separatist, i.e. Exclusively religious; a Pharisean, i.e. Jewish sectary -- Pharisee. <p>see HEBREW  (H6567) parash "
g,5331,"φαρμακεία, ας, ἡ","Noun, Feminine",pharmakeia,(far-mak-i'-ah),"the use of medicine, drugs or spells","sorcery, witchcraft. ","From  (G5332) pharmakeus; medication (""pharmacy""), i.e. (by extension) magic (literally or figuratively) -- sorcery, witchcraft. <p>see GREEK  (G5332) pharmakeus "
g,5332,φαρμακεύς,-,pharmakeus,(far-mak-yoos'),sorcerer,sorcerer. ,"From pharmakon (a drug, i.e. Spell-giving potion); a druggist (""pharmacist"") or poisoner, i.e. (by extension) a magician -- sorcerer. "
g,5333,"φάρμακος, οῦ, ὁ","Noun, Masculine",pharmakos,(far-mak-os'),"a poisoner, sorcerer, magician",sorcerer. ,The same as  (G5332) pharmakeus -- sorcerer.
g,5334,"φάσις, εως, ἡ","Noun, Feminine",phasis,(fas'-is),"information, a report",tidings. ,"From  (G5346) phemi (not the same as ""phase"", which is from  (G5316) phaino); a saying, i.e. Report -- tidings. <p>see GREEK  (G5346) phemi <p>see GREEK  (G5316) phaino "
g,5335,φάσκω,Verb,phaskó,(fas'-ko),"to affirm, assert","affirm, profess, say. ","Prolongation from the same as  (G5346) phemi; to assert -- affirm, profess, say. <p>see GREEK  (G5346) phemi "
g,5336,"φάτνη, ης, ἡ","Noun, Feminine",phatné,(fat'-nay),a manger,"manager, stall. ","From pateomai (to eat); a crib (for fodder) -- manager, stall. "
g,5337,"φαῦλος, η, ον",Adjective,phaulos,(fow'-los),"worthless, bad",evil. ,"Apparently a primary word; ""foul"" or ""flawy"", i.e. (figuratively) wicked -- evil. "
g,5338,"φέγγος, ους, τό","Noun, Neuter",pheggos,(feng'-gos),"light, brightness",light. ,Probably akin to the base of  (G5457) phos (compare  (G5350) phtheggomai); brilliancy -- light. <p>see GREEK  (G5457) phos <p>see GREEK  (G5350) phtheggomai
g,5339,φείδομαι,Verb,pheidomai,(fi'-dom-ahee),"to spare, forbear","forbear, spare. ","Of uncertain affinity; to be chary of, i.e. (subjectively) to abstain or (objectively) to treat leniently -- forbear, spare. "
g,5340,φειδομένως,Adverb,pheidomenós,(fi-dom-en'-oce),sparingly,sparingly. ,"Adverb from participle of  (G5339) pheidomai; abstemiously, i.e. Stingily -- sparingly. <p>see GREEK  (G5339) pheidomai "
g,5341,"φελόνης, ου, ὁ","Noun, Masculine",phelonés,(fel-on'-ace),cloak,cloak. ,By transposition for a derivative probably of  (G5316) phaino (as showing outside the other garments); a mantle (surtout) -- cloke. <p>see GREEK  (G5316) phaino
g,5342,φέρω,Verb,pheró,(fer'-o),"to bear, carry, bring forth","carry, bear, bring","A primary verb -- for which other, and apparently not cognate ones are used in certain tenses only; namely, oio (oy'-o); and enegko (en-eng'-ko) to ""bear"" or carry (in a very wide application, literally and figuratively, as follows) "
g,5343,φεύγω,Verb,pheugó,(fyoo'-go),to flee,"escape, flee away. ","Apparently a primary verb; to run away (literally or figuratively); by implication, to shun; by analogy, to vanish -- escape, flee (away). "
g,5344,"Φῆλιξ, ικος, ὁ","Noun, Masculine",Phélix,(fay'-lix),"fortunate, Felix, a governor of Judea",Felix. ,"Of Latin origin; happy; Phelix (i.e. Felix), a Roman -- Felix. "
g,5345,"φήμη, ης, ἡ","Noun, Feminine",phémé,(fay'-may),a saying or report,"report, news","From  (G5346) phemi; a saying, i.e. Rumor (""fame"") -- fame. <p>see GREEK  (G5346) phemi "
g,5346,φημί,Verb,phémi,(fay-mee'),"to declare, say","affirm, say. ","Properly, the same as the base of  (G5457) phos and  (G5316) phaino; to show or make known one's thoughts, i.e. Speak or say -- affirm, say. Compare  (G3004) lego. <p>see GREEK  (G5457) phos <p>see GREEK  (G5316) phaino <p>see GREEK  (G3004) lego "
g,5347,"Φῆστος, ου, ὁ","Noun, Masculine",Phéstos,(face'-tos),"Festus, a governor of Judea",Festus. ,"Of Latin derivation; festal; Phestus (i.e. Festus), a Roman -- Festus. "
g,5348,φθάνω,Verb,phthanó,(fthan'-o),"to come before (another), anticipate, arrive","anticipate, attain, come","Apparently a primary verb; to be beforehand, i.e. Anticipate or precede; by extension, to have arrived at -- (already) attain, come, prevent. "
g,5349,"φθαρτός, ή, όν",Adjective,phthartos,(fthar-tos'),"perishable, corruptible",corruptible. ,"From  (G5351) phtheiro; decayed, i.e. (by implication) perishable -- corruptible. <p>see GREEK  (G5351) phtheiro "
g,5350,φθέγγομαι,Verb,phtheggomai,(ftheng'-gom-ahee),to utter,speak. ,"Probably akin to  (G5338) pheggos and thus to  (G5346) phemi; to utter a clear sound, i.e. (generally) to proclaim -- speak. <p>see GREEK  (G5346) phemi <p>see GREEK  (G5338) pheggos "
g,5351,φθείρω,Verb,phtheiró,(fthi'-ro),"to destroy, corrupt, spoil","corrupt, defile, destroy. ","Probably strengthened from phthio (to pine or waste); properly, to shrivel or wither, i.e. To spoil (by any process) or (generally) to ruin (especially figuratively, by moral influences, to deprave) -- corrupt (self), defile, destroy. "
g,5352,"φθινοπωρινός, ή, όν",Adjective,phthinopórinos,(fthin-op-o-ree-nos'),autumnal,autumnal,From derivative of phthino (to wane; akin to the base of  (G5351) phtheiro) and  (G3703) opora (meaning late autumn); autumnal (as stripped of leaves) -- whose fruit withereth. <p>see GREEK  (G5351) phtheiro <p>see GREEK  (G3703) opora
g,5353,"φθόγγος, ου, ὁ","Noun, Masculine",phthoggos,(ftong'-gos),a sound,sound. ,"From  (G5350) phtheggomai; utterance, i.e. A musical note (vocal or instrumental) -- sound. <p>see GREEK  (G5350) phtheggomai "
g,5354,φθονέω,Verb,phthoneó,(fthon-eh'-o),to envy,envy. ,From  (G5355) phthonos; to be jealous of -- envy. <p>see GREEK  (G5355) phthonos
g,5355,"φθόνος, ου, ὁ","Noun, Masculine",phthonos,(fthon'-os),envy,envy. ,"Probably akin to the base of  (G5351) phtheiro; ill-will (as detraction), i.e. Jealousy (spite) -- envy. <p>see GREEK  (G5351) phtheiro "
g,5356,"φθορά, ᾶς, ἡ","Noun, Feminine",phthora,(fthor-ah'),"destruction, corruption","corruption, destroy, perish. ","From  (G5351) phtheiro; decay, i.e. Ruin (spontaneous or inflicted, literally or figuratively) -- corruption, destroy, perish. <p>see GREEK  (G5351) phtheiro "
g,5357,"φιάλη, ης, ἡ","Noun, Feminine",phialé,(fee-al'-ay),a (shallow) bowl,"cup, bowl, vial","Of uncertain affinity; a broad shallow cup (""phial"") -- vial. "
g,5358,"φιλάγαθος, ον",Adjective,philagathos,(fil-ag'-ath-os),loving that which is good,love of good ,"From  (G5384) philos and  (G18) agathos; fond to good, i.e. A promoter of virtue -- love of good men. <p>see GREEK  (G5384) philos <p>see GREEK  (G18) agathos "
g,5359,"Φιλαδέλφεια, ας, ἡ","Noun, Feminine",Philadelpheia,(fil-ad-el'-fee-ah),"Philadelphia, a city of Lydia",Philadelphia. ,"From Philadelphos (the same as  (G5361) philadelphos), a king of Pergamos; Philadelphia, a place in Asia Minor -- Philadelphia. <p>see GREEK  (G5361) philadelphos "
g,5360,"φιλαδελφία, ας, ἡ","Noun, Feminine",philadelphia,(fil-ad-el-fee'-ah),"the love of brothers, brotherly love","brotherly love, kindness","From  (G5361) philadelphos; fraternal affection -- brotherly love (kindness), love of the brethren. <p>see GREEK  (G5361) philadelphos "
g,5361,"φιλάδελφος, ον",Adjective,philadelphos,(fil-ad'-el-fos),loving one\'s brother,love as brothers,"From  (G5384) philos and  (G80) adephos; fond of brethren, i.e. Fraternal -- love as brethren. <p>see GREEK  (G5384) philos <p>see GREEK  (G80) adephos "
g,5362,"φίλανδρος, ον",Adjective,philandros,(fil'-an-dros),"loving men, (of a wife) loving her husband",love their husband,"From  (G5384) philos and  (G435) aner; fond of man, i.e. Affectionate as a wife -- love their husbands. <p>see GREEK  (G5384) philos <p>see GREEK  (G435) aner "
g,5363,"φιλανθρωπία, ας, ἡ","Noun, Feminine",philanthrópia,(fil-an-thro-pee'-ah),"love for mankind, kindness","kindness, love towards man. ","From the same as  (G5364) philanthropos; fondness of mankind, i.e. Benevolence (""philanthropy"") -- kindness, love towards man. <p>see GREEK  (G5364) philanthropos "
g,5364,φιλανθρώπως,Adverb,philanthrópós,(fil-an-thro'-poce),"humanely, kindly",courteously. ,"Adverb from a compound of  (G5384) philos and  (G444) anthropos; fondly to man (""philanthropically""), i.e. Humanely -- courteously. <p>see GREEK  (G5384) philos <p>see GREEK  (G444) anthropos "
g,5365,"φιλαργυρία, ας, ἡ","Noun, Feminine",philarguria,(fil-ar-goo-ree'-ah),"love of money, avarice",love of money. ,From  (G5366) philarguros; avarice -- love of money. <p>see GREEK  (G5366) philarguros
g,5366,"φιλάργυρος, ον",Adjective,philarguros,(fil-ar'-goo-ros),loving money,covetous. ,"From  (G5384) philos and  (G696) arguros; fond of silver (money), i.e. Avaricious -- covetous. <p>see GREEK  (G5384) philos <p>see GREEK  (G696) arguros "
g,5367,"φίλαυτος, ον",Adjective,philautos,(fil'-ow-tos),loving oneself,lover of self. ,"From  (G5384) philos and  (G846) autos; fond of self, i.e. Selfish -- lover of own self. <p>see GREEK  (G5384) philos <p>see GREEK  (G846) autos "
g,5368,φιλέω,Verb,phileó,(fil-eh'-o),to love,to love,"From  (G5384) philos; to be a friend to (fond of (an individual or an object)), i.e. Have affection for (denoting personal attachment, as a matter of sentiment or feeling; while  (G25) agapao is wider, embracing especially the judgment and the deliberate assent of the will as a matter of principle, duty and propriety: the two thus stand related very much as  (G2309) ethelo and  (G1014) boulomai, or as  (G2372) thumos and  (G3563) nous respectively; the former being chiefly of the heart and the latter of the head); specially, to kiss (as a mark of tenderness) -- kiss, love. <p>see GREEK  (G5384) philos <p>see GREEK  (G2372) thumos <p>see GREEK  (G25) agapao <p>see GREEK  (G2309) ethelo <p>see GREEK  (G1014) boulomai <p>see GREEK  (G3563) nous "
g,5369,"φιλήδονος, ον",Adjective,philédonos,(fil-ay'-don-os),loving pleasure,loving pleasure,"From  (G5384) philos and  (G2237) hedone; fond of pleasure, i.e. Voluptuous -- lover of pleasure. <p>see GREEK  (G5384) philos <p>see GREEK  (G2237) hedone "
g,5370,"φίλημα, ατος, τό","Noun, Neuter",philéma,(fil'-ay-mah),a kiss,kiss. ,From  (G5368) phileo; a kiss -- kiss. <p>see GREEK  (G5368) phileo
g,5371,"Φιλήμων, ονος, ὁ","Noun, Masculine",Philémón,(fil-ay'-mone),"kindly, Philemon, a Christian",Philemon. ,"From  (G5368) phileo; friendly; Philemon, a Christian -- Philemon. <p>see GREEK  (G5368) phileo "
g,5372,"Φίλητος, ου, ὁ","Noun, Masculine",Philétos,(fil-ay-tos'),"worthy of love, Philetus, an erring Christian at Ephesus",Philetus. ,"From  (G5368) phileo; amiable; Philetus, an opposer of Christianity -- Philetus. <p>see GREEK  (G5368) phileo "
g,5373,"φιλία, ας, ἡ","Noun, Feminine",philia,(fil-ee'-ah),friendship,friendship. ,From  (G5384) philos; fondness -- friendship. <p>see GREEK  (G5384) philos
g,5374,"Φιλιππήσιος, ου, ὁ","Noun, Masculine",Philippésios,(fil-ip-pay'-see-os),a Philippian,Philippian. ,"From  (G5375) Philippoi; a Philippesian (Philippian), i.e. Native of Philippi -- Philippian. <p>see GREEK  (G5375) Philippoi "
g,5375,"Φίλιπποι, ων, οἱ","Noun, Masculine",Philippoi,(fil'-ip-poy),"Philippi, a city of Macedonia",Philippi. ,"Plural of  (G5376) Philippos; Philippi, a place in Macedonia -- Philippi. <p>see GREEK  (G5376) Philippos "
g,5376,"Φίλιππος, ου, ὁ","Noun, Masculine",Philippos,(fil'-ip-pos),"horse-loving, Philip, two sons of Herod the Great, also two Christians",Philip. ,"From  (G5384) philos and  (G2462) hippos; fond of horses; Philippus, the name of four Israelites -- Philip. <p>see GREEK  (G5384) philos <p>see GREEK  (G2462) hippos "
g,5377,"φιλόθεος, ον",Adjective,philotheos,(fil-oth'-eh-os),loving God,lover of God. ,"From  (G5384) philos and  (G2316) theos; fond of God, i.e. Pious -- lover of God. <p>see GREEK  (G5384) philos <p>see GREEK  (G2316) theos "
g,5378,"Φιλόλογος, ου, ὁ","Noun, Masculine",Philologos,(fil-ol'-og-os),"student, scholar, Philologus, a Christian",Philologus. ,"From  (G5384) philos and  (G3056) logos; fond of words, i.e. Talkative (argumentative, learned, ""philological""); Philologus, a Christian -- Philologus. <p>see GREEK  (G5384) philos <p>see GREEK  (G3056) logos "
g,5379,"φιλονεικία, ας, ἡ","Noun, Feminine",philoneikia,(fil-on-i-kee'-ah),love of strife,strife. ,"From  (G5380) philoneikos; quarrelsomeness, i.e. A dispute -- strife. <p>see GREEK  (G5380) philoneikos "
g,5380,"φιλόνεικος, ον",Adjective,philoneikos,(fil-on'-i-kos),fond of strife,contentious. ,"From  (G5384) philos and neikos (a quarrel; probably akin to  (G3534) nikos); fond of strife, i.e. Disputatious -- contentious. <p>see GREEK  (G5384) philos <p>see GREEK  (G3534) nikos "
g,5381,"φιλοξενία, ας, ἡ","Noun, Feminine",philoxenia,(fil-on-ex-ee'-ah),love of strangers,hospitality,"From  (G5382) philoxenos; hospitableness -- entertain stranger, hospitality. <p>see GREEK  (G5382) philoxenos "
g,5382,"φιλόξενος, ον",Adjective,philoxenos,(fil-ox'-en-os),loving strangers,hospitable,"From  (G5384) philos and  (G3581) xenos; fond of guests, i.e. Hospitable -- given to (lover of, use) hospitality. <p>see GREEK  (G5384) philos <p>see GREEK  (G3581) xenos "
g,5383,φιλοπρωτεύω,Verb,philopróteuó,(fil-op-rote-yoo'-o),to strive to be first,to wish to be first,"From a compound of  (G5384) philos and  (G4413) protos; to be fond of being first, i.e. Ambitious of distinction -- love to have the preeminence. <p>see GREEK  (G5384) philos <p>see GREEK  (G4413) protos "
g,5384,"φίλος, η, ον",Adjective; Indeclinable Numeral (Adjective),philos,(fee'-los),"beloved, dear, friendly","loving, friendly","Properly, dear, i.e. A friend; actively, fond, i.e. Friendly (still as a noun, an associate, neighbor, etc.) -- friend. "
g,5385,"φιλοσοφία, ας, ἡ","Noun, Feminine",philosophia,(fil-os-of-ee'-ah),the love or pursuit of wisdom,philosophy. ,"From  (G5386) philosophos; ""philosophy"", i.e. (specially), Jewish sophistry -- philosophy. <p>see GREEK  (G5386) philosophos "
g,5386,"φιλόσοφος, ου, ὁ","Noun, Masculine",philosophos,(fil-os'-of-os),a philosopher,philosopher. ,"From  (G5384) philos and  (G4680) sophos; fond of wise things, i.e. A ""philosopher"" -- philosopher. <p>see GREEK  (G5384) philos <p>see GREEK  (G4680) sophos "
g,5387,"φιλόστοργος, ον",Adjective,philostorgos,(fil-os'-tor-gos),tenderly loving,kindly affectioned. ,"From  (G5384) philos and storge (cherishing one's kindred, especially parents or children); fond of natural relatives, i.e. Fraternal towards fellow Christian -- kindly affectioned. <p>see GREEK  (G5384) philos "
g,5388,"φιλότεκνος, ον",Adjective,philoteknos,(fil-ot'-ek-nos),loving one\'s children,love their children. ,"From  (G5384) philos and  (G5043) teknon; fond of one's children, i.e. Maternal -- love their children. <p>see GREEK  (G5384) philos <p>see GREEK  (G5043) teknon "
g,5389,φιλοτιμέομαι,Verb,philotimeomai,(fil-ot-im-eh'-om-ahee),to love or seek after honor,"labor, strive, study. ","Middle voice from a compound of  (G5384) philos and  (G5092) time; to be fond of honor, i.e. Emulous (eager or earnest to do something) -- labour, strive, study. <p>see GREEK  (G5384) philos <p>see GREEK  (G5092) time "
g,5390,φιλοφρόνως,Adverb,philophronós,(fil-of-ron'-oce),kindly,courteously. ,"Adverb from  (G5391) philophron; with friendliness of mind, i.e. Kindly -- courteously. <p>see GREEK  (G5391) philophron "
g,5391,"φιλόφρων, ον",Adjective,philophrón,(fil-of'-rone),courteous,courteous. ,"From  (G5384) philos and  (G5424) phren; friendly of mind, i.e. Kind -- courteous. <p>see GREEK  (G5384) philos <p>see GREEK  (G5424) phren "
g,5392,φιμόω,Verb,phimoó,(fee-mo'-o),"to muzzle, to put to silence",muzzle. ,From phimos (a muzzle); to muzzle -- muzzle.
g,5393,"Φλέγων, οντος, ὁ","Noun, Masculine",Phlegón,(fleg'-one),"Phlegon, a Christian",Phlegon. ,"Active participle of the base of  (G5395) phlox; blazing; Phlegon, a Christian -- Phlegon. <p>see GREEK  (G5395) phlox "
g,5394,φλογίζω,Verb,phlogizó from NG5395,(flog-id'-zo),set on fire,set on fire. ,"From  (G5395) phlox; to cause a blaze, i.e. Ignite (figuratively, to inflame with passion) -- set on fire. <p>see GREEK  (G5395) phlox "
g,5395,"φλόξ, φλογός, ἡ","Noun, Feminine",phlox,(flox),a flame,flame,"From a primary phlego (to ""flash"" or ""flame""); a blaze -- flame(-ing). "
g,5396,φλυαρέω,Verb,phluareó,(floo-ar-eh'-o),to talk nonsense,disparage,"From  (G5397) phluaros; to be a babbler or trifler, i.e. (by implication) to berate idly or mischievously -- prate against. <p>see GREEK  (G5397) phluaros "
g,5397,"φλύαρος, ον",Adjective,phluaros,(floo'-ar-os),babbling,tattler. ,"From phluo (to bubble); a garrulous person, i.e. Prater -- tattler. "
g,5398,"φοβερός, ά, όν",Adjective,phoberos,(fob-er-os'),fearful,"fearful, terrible. ","From  (G5401) phobos; frightful, i.e. (objectively) formidable -- fearful, terrible. <p>see GREEK  (G5401) phobos "
g,5399,φοβέομαι,Verb,phobeó,(fob-eh'-o),"to put to flight, to terrify, frighten",to fear,"From  (G5401) phobos; to frighten, i.e. (passively) to be alarmed; by analogy, to be in awe of, i.e. Revere -- be (+ sore) afraid, fear (exceedingly), reverence. <p>see GREEK  (G5401) phobos "
g,5400,"φόβητρον, ου, τό","Noun, Neuter",phobétron,(fob'-ay-tron),a (cause of) terror,fearful sight. ,"Neuter of a derivative of  (G5399) phobeo; a frightening thing, i.e. Terrific portent -- fearful sight. <p>see GREEK  (G5399) phobeo "
g,5401,"φόβος, ου, ὁ","Noun, Masculine",phobos,(fob'-os),"panic flight, fear, the causing of fear, terror","fear, terror. ","From a primary phebomai (to be put in fear); alarm or fright -- be afraid, + exceedingly, fear, terror. "
g,5402,"Φοίβη, ης, ἡ","Noun, Feminine",Phoibé,(foy'-bay),"Phoebe, a deaconess",Phoebe,"Feminine of phoibos (bright; probably akin to the base of  (G5457) phos); Phoebe, a Christian woman -- Phebe. <p>see GREEK  (G5457) phos "
g,5403,"Φοινίκη, ης, ἡ","Noun, Feminine",Phoiniké,(foy-nee'-kay),"Phoenicia, a region North of Galilee",Phoenicia,"From  (G5404) phoinix; palm-country; Phoenice (or Phoenicia), a region of Palestine -- Phenice, Phenicia. <p>see GREEK  (G5404) phoinix "
g,5404,"φοίνιξ, ικός, ὁ","Noun, Masculine",phoinix,(foy'-nix),"the date palm, a palm",palm tree. ,Of uncertain derivation; a palm-tree -- palm (tree).
g,5405,"Φοῖνιξ, ικός, ἡ","Noun, Masculine",Phoinix,(foy'-nix),"a Phoenician (an inhabitant of Phoenicia), Phoenix (a city of Crete)",Phenice. ,"Probably the same as  (G5404) phoinix; Phoenix, a place in Crete -- Phenice. <p>see GREEK  (G5404) phoinix "
g,5406,"φονεύς, έως, ὁ","Noun, Masculine",phoneus,(fon-yooce'),a murderer,murderer. ,From  (G5408) phonos; a murderer (always of criminal (or at least intentional) homicide; which  (G443) anthropoktonos does not necessarily imply; while  (G4607) sikarios is a special term for a public bandit) -- murderer. <p>see GREEK  (G5408) phonos <p>see GREEK  (G443) anthropoktonos <p>see GREEK  (G4607) sikarios
g,5407,φονεύω,Verb,phoneuó,(fon-yoo'-o),"to kill, murder","kill, slay. ","From  (G5406) phoneus; to be a murderer (of) -- kill, do murder, slay. <p>see GREEK  (G5406) phoneus "
g,5408,"φόνος, ου, ὁ","Noun, Masculine",phonos,(fon'-os),a murder,"murder, slaughter. ","From an obsolete primary pheno (to slay); murder -- murder, + be slain with, slaughter. "
g,5409,φορέω,Verb,phoreó,(for-eh'-o),"to bear constantly, to wear","bear, wear. ","From  (G5411) phoros; to have a burden, i.e. (by analogy) to wear as clothing or a constant accompaniment -- bear, wear. <p>see GREEK  (G5411) phoros "
g,5410,"Φόρον, ου, τό","Noun, Neuter",phoron,(for'-on),"forum, market","forum, market",Of Latin origin; a forum or market-place; only in comparative with  (G675) Appios; a station on the Appian road -- forum. <p>see GREEK  (G675) Appios
g,5411,"φόρος, ου, ὁ","Noun, Masculine",phoros,(for'-os),tribute,tribute. ,"From  (G5342) phero; a load (as borne), i.e. (figuratively) a tax (properly, an individual assessment on persons or property; whereas  (G5056) telos is usually a general toll on goods or travel) -- tribute. <p>see GREEK  (G5342) phero <p>see GREEK  (G5056) telos "
g,5412,φορτίζω,Verb,phortizó,(for-tid'-zo),to load,"to load, burden","From  (G5414) phortos; to load up (properly, as a vessel or animal), i.e. (figuratively) to overburden with ceremony (or spiritual anxiety) -- lade, by heavy laden. <p>see GREEK  (G5414) phortos "
g,5413,"φορτίον, ου, τό","Noun, Neuter",phortion,(for-tee'-on),a burden,burden. ,"Diminutive of  (G5414) phortos; an invoice (as part of freight), i.e. (figuratively) a task or service -- burden. <p>see GREEK  (G5414) phortos "
g,5414,φόρτος,-,phortos,(for'-tos),cargo,cargo,"From  (G5342) phero; something carried, i.e. The cargo of a ship -- lading. <p>see GREEK  (G5342) phero "
g,5415,"Φορτουνάτος, ου, ὁ","Noun, Masculine",Phortounatos,(for-too-nat'-os),"prosperous, lucky, Fortunatus, a Christian",Fortunatus. ,"Of Latin origin; ""fortunate""; Fortunatus, a Christian -- Fortunatus. "
g,5416,"φραγέλλιον, ου, τό","Noun, Neuter",phragellion,(frag-el'-le-on),a scourge,scourge. ,"Neuter of a derivative from the base of  (G5417) phragelloo; a whip, i.e. Roman lash as a public punishment -- scourge. <p>see GREEK  (G5417) phragelloo "
g,5417,φραγελλόω,Verb,phragelloó,(frag-el-lo'-o),to scourge,scourge. ,"From a presumed equivalent of the Latin flagellum; to whip, i.e. Lash as a public punishment -- scourge. "
g,5418,"φραγμός, οῦ, ὁ","Noun, Masculine",phragmos,(frag-mos'),"a fencing in, a fence","hedge, partition. ","From  (G5420) phrasso; a fence, or inclosing barrier (literally or figuratively) -- hedge (+ round about), partition. <p>see GREEK  (G5420) phrasso "
g,5419,φράζω,Verb,phrazó,(frad'-zo),"to show forth, tell",expound,"Probably akin to  (G5420) phrasso through the idea of defining; to indicate (by word or act), i.e. (specially), to expound -- declare. <p>see GREEK  (G5420) phrasso "
g,5420,φράσσω,Verb,phrassó,(fras'-so),"to fence in, to stop",stop. ,"Apparently a strengthening form of the base of  (G5424) phren; to fence or inclose, i.e. (specially), to block up (figuratively, to silence) -- stop. <p>see GREEK  (G5424) phren "
g,5421,"φρέαρ, φρέατος, τό","Noun, Neuter",phrear,(freh'-ar),a well,"well, pit. ","Of uncertain derivation; a hole in the ground (dug for obtaining or holding water or other purposes), i.e. A cistern or well; figuratively, an abyss (as a prison) -- well, pit. "
g,5422,φρεναπατάω,Verb,phrenapataó,(fren-ap-at-ah'-o),to deceive the mind,deceive. ,"From  (G5423) phrenapates; to be a mind-misleader, i.e. Delude -- deceive. <p>see GREEK  (G5423) phrenapates "
g,5423,"φρεναπάτης, ου, ὁ","Noun, Masculine",phrenapatés,(fren-ap-at'-ace),self-deceiving,deceiver. ,"From  (G5424) phren and  (G539) apate; a mind-misleader, i.e. Seducer -- deceiver. <p>see GREEK  (G5424) phren <p>see GREEK  (G539) apate "
g,5424,"φρήν, φρενός, ἡ","Noun, Feminine",phrén,(frane),"midriff, heart, mind, thought",understanding. ,"Probably from an obsolete phrao (to rein in or curb; compare  (G5420) phrasso); the midrif (as a partition of the body), i.e. (figuratively and by implication, of sympathy) the feelings (or sensitive nature; by extension (also in the plural) the mind or cognitive faculties) -- understanding. <p>see GREEK  (G5420) phrasso "
g,5425,φρίσσω,Verb,phrissó,(fris'-so),"to be rough, to shiver, shudder",tremble. ,"Apparently a primary verb; to ""bristle"" or chill, i.e. Shudder (fear) -- tremble. "
g,5426,φρονέω,Verb,phroneó,(fron-eh'-o),"to have understanding, to think",to think,"From  (G5424) phren; to exercise the mind, i.e. Entertain or have a sentiment or opinion; by implication, to be (mentally) disposed (more or less earnestly in a certain direction); intensively, to interest oneself in (with concern or obedience) -- set the affection on, (be) care(-ful), (be like-, + be of one, + be of the same, + let this) mind(-ed), regard, savour, think. <p>see GREEK  (G5424) phren "
g,5427,"φρόνημα, ατος, τό","Noun, Neuter",phronéma,(fron'-ay-mah),the thought (that which is in the mind),"be, be carnally, be spiritually minded. ","From  (G5426) phroneo; (mental) inclination or purpose -- (be, + be carnally, + be spiritually) mind(-ed). <p>see GREEK  (G5426) phroneo "
g,5428,"φρόνησις, εως, ἡ","Noun, Feminine",phronésis,(fron'-ay-sis),"understanding, practical wisdom","prudence, wisdom. ","From  (G5426) phroneo; mental action or activity, i.e. Intellectual or moral insight -- prudence, wisdom. <p>see GREEK  (G5426) phroneo "
g,5429,"φρόνιμος, ον",Adjective,phronimos,(fron'-ee-mos),"practically wise, sensible",wise,"From  (G5424) phren; thoughtful, i.e. Sagacious or discreet (implying a cautious character; while  (G4680) sophos denotes practical skill or acumen; and  (G4908) sunetos indicates rather intelligence or mental acquirement); in a bad sense conceited (also in the comparative) -- wise(-r). <p>see GREEK  (G5424) phren <p>see GREEK  (G4680) sophos <p>see GREEK  (G4908) sunetos "
g,5430,φρονίμως,Adverb,phronimós,(fron-im'-oce),sensibly,wisely. ,Adverb from  (G5429) phronimos; prudently -- wisely. <p>see GREEK  (G5429) phronimos
g,5431,φροντίζω,Verb,phrontizó,(fron-tid'-zo),"to give heed, take thought",be careful. ,"From a derivative of  (G5424) phren; to exercise thought, i.e. Be anxious -- be careful. <p>see GREEK  (G5424) phren "
g,5432,φρουρέω,Verb,phroureó,(froo-reh'-o),to guard,"to guard, protect","From a compound of  (G4253) pro and  (G3708) horao; to be a watcher in advance, i.e. To mount guard as a sentinel (post spies at gates); figuratively, to hem in, protect -- keep (with a garrison). Compare  (G5083) tereo. <p>see GREEK  (G4253) pro <p>see GREEK  (G3708) horao <p>see GREEK  (G5083) tereo "
g,5433,φρυάσσω,Verb,phruassó,(froo-as'-so),"to neigh, whinny, to be wanton",rage. ,"Akin to  (G1032) bruo,  (G1031) brucho; to snort (as a spirited horse), i.e. (figuratively) to make a tumult -- rage. <p>see GREEK  (G1031) brucho <p>see GREEK  (G1032) bruo "
g,5434,"φρύγανον, ου, τό","Noun, Neuter",phruganon,(froo'-gan-on),a dry stick,stick. ,"Neuter of a presumed derivative of phrugo (to roast or parch; akin to the base of  (G5395) phlox); something desiccated, i.e. A dry twig -- stick. <p>see GREEK  (G5395) phlox "
g,5435,"Φρυγία, ας, ἡ","Noun, Feminine",Phrugia,(froog-ee'-ah),"Phrygia, a region of Asia Minor",Phrygia. ,"Probably of foreign origin; Phrygia, a region of Asia Minor -- Phrygia. "
g,5436,"Φύγελος, ου, ὁ","Noun, Masculine",Phugelos,(foog'-el-los),"Phygelus, one who deserted Paul",Phygelus,"Probably from  (G5343) pheugo; fugitive; Phygellus, an apostate Christian -- Phygellus. <p>see GREEK  (G5343) pheugo "
g,5437,"φυγή, ῆς, ἡ","Noun, Feminine",phugé,(foog-ay'),flight,flight. ,"From  (G5343) pheugo; a fleeing, i.e. Escape -- flight. <p>see GREEK  (G5343) pheugo "
g,5438,"φυλακή, ῆς, ἡ","Noun, Feminine",phulaké,(foo-lak-ay'),"a guarding, guard, watch","cage, hold, imprisonment, ward","From  (G5442) phulasso; a guarding or (concretely, guard), the act, the person; figuratively, the place, the condition, or (specially), the time (as a division of day or night), literally or figuratively -- cage, hold, (im-)prison(-ment), ward, watch. <p>see GREEK  (G5442) phulasso "
g,5439,φυλακίζω,Verb,phulakizó,(foo-lak-id'-zo),to imprison,imprison. ,From  (G5441) phulax; to incarcerate -- imprison. <p>see GREEK  (G5441) phulax
g,5440,"φυλακτήριον, ου, τό","Noun, Neuter",phulaktérion,(foo-lak-tay'-ree-on),"an outpost, fortification, an amulet",phylactery. ,"Neuter of a derivative of  (G5442) phulasso; a guard-case, i.e. ""phylactery"" for wearing slips of Scripture texts -- phylactery. <p>see GREEK  (G5442) phulasso "
g,5441,"φύλαξ, ακός, ὁ","Noun, Masculine",phulax,(foo'-lax),"a guard, keeper",keeper. ,From  (G5442) phulasso; a watcher or sentry -- keeper. <p>see GREEK  (G5442) phulasso
g,5442,φυλάσσω,Verb,phulassó,(foo-las'-so),"to guard, watch","to guard, keep","Probably from  (G5443) phule through the idea of isolation; to watch, i.e. Be on guard (literally of figuratively); by implication, to preserve, obey, avoid -- beward, keep (self), observe, save. Compare  (G5083) tereo. <p>see GREEK  (G5443) phule <p>see GREEK  (G5083) tereo "
g,5443,"φυλή, ῆς, ἡ","Noun, Feminine",phulé,(foo-lay'),a clan or tribe,"kindred, tribe. ","From  (G5453) phuo (compare  (G5444) phullon); an offshoot, i.e. Race or clan -- kindred, tribe. <p>see GREEK  (G5453) phuo <p>see GREEK  (G5444) phullon "
g,5444,"φύλλον, ου, τό","Noun, Neuter",phullon,(fool'-lon),a leaf,leaf. ,"From the same as  (G5443) phule; a sprout, i.e. Leaf -- leaf. <p>see GREEK  (G5443) phule "
g,5445,"φύραμα, ατος, τό","Noun, Neuter",phurama,(foo'-ram-ah),that which is mixed,lump. ,"From a prolonged form of phuro (to mix a liquid with a solid; perhaps akin to  (G5453) phuo through the idea of swelling in bulk), mean to knead; a mass of dough -- lump. <p>see GREEK  (G5453) phuo "
g,5446,"φυσικός, ή, όν",Adjective,phusikos,(foo-see-kos'),"natural, according to nature",natural. ,"From  (G5449) phusis; ""physical"", i.e. (by implication) instinctive -- natural. Compare  (G5591) psuchikos. <p>see GREEK  (G5449) phusis <p>see GREEK  (G5591) psuchikos "
g,5447,φυσικῶς,Adverb,phusikós,(foo-see-koce'),"naturally, by nature",naturally. ,"Adverb from  (G5446) phusikos; ""physically"", i.e. (by implication) instinctively -- naturally. <p>see GREEK  (G5446) phusikos "
g,5448,φυσιόω,Verb,phusioó,(foo-see-o'-o),to puff or blow up,puff up. ,"From  (G5449) phusis in the primary sense of blowing; to inflate, i.e. (figuratively) make proud (haughty) -- puff up. <p>see GREEK  (G5449) phusis "
g,5449,"φύσις, εως, ἡ","Noun, Feminine",phusis,(foo'-sis),nature,nature,"From  (G5453) phuo; growth (by germination or expansion), i.e. (by implication) natural production (lineal descent); by extension, a genus or sort; figuratively, native disposition, constitution or usage -- (man-)kind, nature(-al). <p>see GREEK  (G5453) phuo "
g,5450,"φυσίωσις, εως, ἡ","Noun, Feminine",phusiósis,(foo-see'-o-sis),a puffing up,swelling. ,"From  (G5448) phusioo; inflation, i.e. (figuratively) haughtiness -- swelling. <p>see GREEK  (G5448) phusioo "
g,5451,"φυτεία, ας, ἡ","Noun, Feminine",phuteia,(foo-ti'-ah),a planting,plant. ,"From  (G5452) phuteuo; trans-planting, i.e. (concretely) a shrub or vegetable -- plant. <p>see GREEK  (G5452) phuteuo "
g,5452,φυτεύω,Verb,phuteuó,(foot-yoo'-o),to plant,plant. ,"From a derivative of  (G5453) phuo; to set out in the earth, i.e. Implant; figuratively, to instil doctrine -- plant. <p>see GREEK  (G5453) phuo "
g,5453,φύω,Verb,phuó,(foo'-o),"to bring forth, produce",spring up. ,"A primary verb; probably originally, to ""puff"" or blow, i.e. To swell up; but only used in the implied sense, to germinate or grow (sprout, produce), literally or figuratively -- spring (up). "
g,5454,"φωλεός, οῦ, ὁ","Noun, Masculine",phóleos,(fo-leh-os'),"a hole, den","hole, den",Of uncertain derivative; a burrow or lurking-place -- hole.
g,5455,φωνέω,Verb,phóneó,(fo-neh'-o),to call out,"call for, crow, cry. ","From  (G5456) phone; to emit a sound (animal, human or instrumental); by implication, to address in words or by name, also in imitation -- call (for), crow, cry. <p>see GREEK  (G5456) phone "
g,5456,"φωνή, ῆς, ἡ","Noun, Feminine",phóné,(fo-nay'),"a voice, sound","noise, sound, voice. ","Probably akin to  (G5316) phaino through the idea of disclosure; a tone (articulate, bestial or artificial); by implication, an address (for any purpose), saying or language -- noise, sound, voice. <p>see GREEK  (G5316) phaino "
g,5457,"φῶς, φωτός, τό","Noun, Neuter",phós,(foce),light,"fire, light. ","From an obsolete phao (to shine or make manifest, especially by rays; compare  (G5316) phaino,  (G5346) phemi); luminousness (in the widest application, natural or artificial, abstract or concrete, literal or figurative) -- fire, light. <p>see GREEK  (G5316) phaino <p>see GREEK  (G5346) phemi "
g,5458,"φωστήρ, ῆρος, ὁ","Noun, Masculine",phóstér,(foce-tare'),"a luminary, light",light. ,"From  (G5457) phos; an illuminator, i.e. (concretely) a luminary, or (abstractly) brilliancy -- light. <p>see GREEK  (G5457) phos "
g,5459,"φωσφόρος, ον",Adjective,phósphoros,(foce-for'-os),"light-bringing, the morning star",a morning star,"From  (G5457) phos and  (G5342) phero; light-bearing (""phosphorus""), i.e. (specially), the morning-star (figuratively) -- day star. <p>see GREEK  (G5457) phos <p>see GREEK  (G5342) phero "
g,5460,"φωτεινός, ή, όν",Adjective,phóteinos,(fo-ti-nos'),"bright, light","bright, full of light. ","From  (G5457) phos; lustrous, i.e. Transparent or well-illuminated (figuratively) -- bright, full of light. <p>see GREEK  (G5457) phos "
g,5461,φωτίζω,Verb,phótizó,(fo-tid'-zo),"to shine, give light","enlighten, illuminate, make to see. ","From  (G5457) phos; to shed rays, i.e. To shine or (transitively) to brighten up (literally or figuratively) -- enlighten, illuminate, (bring to, give) light, make to see. <p>see GREEK  (G5457) phos "
g,5462,"φωτισμός, οῦ, ὁ","Noun, Masculine",phótismos,(fo-tis-mos'),illumination,"enlightenment, light",From  (G5461) photizo; illumination (figuratively) -- light. <p>see GREEK  (G5461) photizo
g,5463,χαίρω,Verb,chairó,(khah'-ee-ro),"to rejoice, be glad","farewell, be glad, God speed, rejoice. ","A primary verb; to be ""cheer""ful, i.e. Calmly happy or well-off; impersonally, especially as salutation (on meeting or parting), be well -- farewell, be glad, God speed, greeting, hall, joy(- fully), rejoice. "
g,5464,"χάλαζα, ης, ἡ","Noun, Feminine",chalaza,(khal'-ad-zah),hailstone,hail. ,Probably from  (G5465) chalao; hail -- hail. <p>see GREEK  (G5465) chalao
g,5465,χαλάω,Verb,chalaó,(khal-ah'-o),to slacken,"to slacken, let down","From the base of  (G5490) chasma; to lower (as into a void) -- let down, strike. <p>see GREEK  (G5490) chasma "
g,5466,"Χαλδαῖος, ου, ὁ","Noun, Masculine",Chaldaios,(khal-dah'-yos),"a Chaldean, an inhabitant of Chaldea",Chaldaean. ,"Probably of Hebrew or ( (H3778) Kasdiy); a Chaldoean (i.e. Kasdi), or native or the region of the lower Euphrates -- Chaldaean. <p>see HEBREW  (H3778) Kasdiy "
g,5467,"χαλεπός, ή, όν",Adjective,chalepos,(khal-ep-os'),hard (to do or bear),"fierce, perilous. ","Perhaps from  (G5465) chalao through the idea of reducing the strength; difficult, i.e. Dangerous, or (by implication) furious -- fierce, perilous. <p>see GREEK  (G5465) chalao "
g,5468,χαλιναγωγέω,Verb,chalinagógeó,(khal-in-ag-ogue-eh'-o),to lead with a bridle,bridle. ,"From a compound of  (G5469) chalinos and the reduplicated form of  (G71) ago; to be a bit-leader, i.e. To curb (figuratively) -- bridle. <p>see GREEK  (G5469) chalinos <p>see GREEK  (G71) ago "
g,5469,"χαλινός, οῦ, ὁ","Noun, Masculine",chalinos,(khal-ee-nos'),a bridle,"bit, bridle. ","From  (G5465) chalao; a curb or head-stall (as curbing the spirit) -- bit, bridle. <p>see GREEK  (G5465) chalao "
g,5470,"χάλκοῦς, ῆ, οῦν",Adjective,chalkous,(khal'-keh-os),"brazen (i.e. of copper, bronze, brass)",brass. ,From  (G5475) chalkos; coppery -- brass. <p>see GREEK  (G5475) chalkos
g,5471,"χαλκεύς, έως, ὁ","Noun, Masculine",chalkeus,(khalk-yooce'),a worker in metal,coppersmith. ,From  (G5475) chalkos; a copper-worker or brazier -- coppersmith. <p>see GREEK  (G5475) chalkos
g,5472,"χαλκηδών, όνος, ὁ","Noun, Masculine",chalkédón,(khal-kay-dohn'),chalcedony (a precious stone),chalcedony. ,"From  (G5475) chalkos and perhaps  (G1491) eidos; copper-like, i.e. ""chalcedony"" -- chalcedony. <p>see GREEK  (G5475) chalkos <p>see GREEK  (G1491) eidos "
g,5473,"χαλκίον, ου, τό","Noun, Neuter",chalkion,(khal-kee'-on),"a brazen (i.e. of copper, bronze, brass) vessel",a bronze vessel,Diminutive from  (G5475) chalkos; a copper dish -- brazen vessel. <p>see GREEK  (G5475) chalkos
g,5474,"χαλκολίβανον, ου, τό","Noun, Neuter",chalkolibanon,(khal-kol-ib'-an-on),"chalcolibanus (fine copper, bronze or brass)",fine brass. ,"Neuter of a compound of  (G5475) chalkos and  (G3030) libanos (in the implied mean of whiteness or brilliancy); burnished copper, an alloy of copper (or gold) and silver having a brilliant lustre -- fine brass. <p>see GREEK  (G5475) chalkos <p>see GREEK  (G3030) libanos "
g,5475,"χαλκός, οῦ, ὁ","Noun, Masculine",chalkos,(khal-kos'),copper or bronze,"money, copper or bronze","Perhaps from  (G5465) chalao through the idea of hollowing out as a vessel (this metal being chiefly used for that purpose); copper (the substance, or some implement or coin made of it) -- brass, money. <p>see GREEK  (G5465) chalao "
g,5476,χαμαί,Adverb,chamai,(kham-ah'-ee),on or to the ground,on the ground. ,"Adverb perhaps from the base of  (G5490) chasma through the idea of a fissure in the soil; earthward, i.e. Prostrate -- on (to) the ground. <p>see GREEK  (G5490) chasma "
g,5477,"Χαναάν, ἡ","Proper Noun, Indeclinable",Chanaan,(khan-ah-an'),"Canaan, earlier name of Pal",Chanaan. ,"Of Hebrew origin ( (H3667) Kna'an); Chanaan (i.e. Kenaan), the early name of Palestine -- Chanaan. <p>see HEBREW  (H3667) Kna'an "
g,5478,"Χαναναῖος, αία, αῖον",Adjective,Chananaios,(khan-ah-an-ah'-yos),"Canaanite, a Gentile of Pal",of Canaan. ,"From  (G5477) Chanaan; a Chanaanoean (i.e. Kenaanite), or native of gentile Palestine -- of Canaan. <p>see GREEK  (G5477) Chanaan "
g,5479,"χαρά, ᾶς, ἡ","Noun, Feminine",chara,(khar-ah'),"joy, delight","gladness, joy","From  (G5463) chairo; cheerfulness, i.e. Calm delight -- gladness, X greatly, (X be exceeding) joy(-ful, -fully, -fulness, -ous). <p>see GREEK  (G5463) chairo "
g,5480,"χάραγμα, ατος, τό","Noun, Neuter",charagma,(khar'-ag-mah),"a stamp, impress","stamp, mark. ","From the same as  (G5482) charax; a scratch or etching, i.e. Stamp (as a badge of servitude), or scupltured figure (statue) -- graven, mark. <p>see GREEK  (G5482) charax "
g,5481,"χαρακτήρ, ῆρος, ὁ","Noun, Masculine",charaktér,(khar-ak-tare'),a tool for engraving,"exact representation, exact likeness","From the same as  (G5482) charax; a graver (the tool or the person), i.e. (by implication) engraving ((""character""), the figure stamped, i.e. An exact copy or (figuratively) representation) -- express image. <p>see GREEK  (G5482) charax "
g,5482,"χάραξ, ακός, ὁ","Noun, Masculine",charax,(khar'-ax),"a pointed stake, a rampart",trench. ,"From charasso (to sharpen to a point; akin to  (G1125) grapho through the idea of scratching); a stake, i.e. (by implication) a palisade or rampart (military mound for circumvallation in a siege) -- trench. <p>see GREEK  (G1125) grapho "
g,5483,χαρίζομαι,Verb,charizomai,(khar-id'-zom-ahee),"to show favor, give freely","freely forgive, deliver, grant. ","Middle voice from  (G5485) charis; to grant as a favor, i.e. Gratuitously, in kindness, pardon or rescue -- deliver, (frankly) forgive, (freely) give, grant. <p>see GREEK  (G5485) charis "
g,5484,χάριν,Adverb,charin,(khar'-in),"in favor of, for the pleasure of",in favor of,"Accusative case of  (G5485) charis as preposition; through favor of, i.e. On account of -- be-(for) cause of, for sake of, +...fore, X reproachfully. <p>see GREEK  (G5485) charis "
g,5485,"χάρις, ιτος, ἡ","Noun, Feminine",charis,(khar'-ece),"grace, kindness","grace, favor","From  (G5463) chairo; graciousness (as gratifying), of manner or act (abstract or concrete; literal, figurative or spiritual; especially the divine influence upon the heart, and its reflection in the life; including gratitude) -- acceptable, benefit, favour, gift, grace(- ious), joy, liberality, pleasure, thank(-s, -worthy). <p>see GREEK  (G5463) chairo "
g,5486,"χάρισμα, ατος, τό","Noun, Neuter",charisma,(khar'-is-mah),"a gift of grace, a free gift",free gift. ,"From  (G5483) charizomai; a (divine) gratuity, i.e. Deliverance (from danger or passion); (specially), a (spiritual) endowment, i.e. (subjectively) religious qualification, or (objectively) miraculous faculty -- (free) gift. <p>see GREEK  (G5483) charizomai "
g,5487,χαριτόω,Verb,charitoó,(khar-ee-to'-o),"to make graceful, endow with grace",favor highly,"From  (G5485) charis; to grace, i.e. Indue with special honor -- make accepted, be highly favoured. <p>see GREEK  (G5485) charis "
g,5488,"Χαρράν, ἡ","Proper Noun, Indeclinable",Charran,(khar-hran'),"Haran, a city in northwest Mesopotamia",Haran,"Of Hebrew origin ( (H2771) Charan); Charrhan (i.e. Charan), a place in Mesopotamia -- Charran. <p>see HEBREW  (H2771) Charan "
g,5489,"χάρτης, ου, ὁ","Noun, Masculine",chartés,(khar'-tace),a sheet of paper (made of papyrus strips),"papyrus, a sheet of paper","From the same as  (G5482) charax; a sheet (""chart"") of writing-material (as to be scribbled over) -- paper. <p>see GREEK  (G5482) charax "
g,5490,"χάσμα, ατος, τό","Noun, Neuter",chasma,(khas'-mah),"a chasm, wide space",gulf. ,"From a form of an obsolete primary chao (to ""gape"" or ""yawn""); a ""chasm"" or vacancy (impassable interval) -- gulf. "
g,5491,"χεῖλος, ους, τό","Noun, Neuter",cheilos,(khi'-los),"a lip, an edge","lip, shore. ","From a form of the same as  (G5490) chasma; a lip (as a pouring place); figuratively, a margin (of water) -- lip, shore. <p>see GREEK  (G5490) chasma "
g,5492,χειμάζομαι,Verb,cheimazó,(khi-mad'-zo),"to expose to winter cold, to drive with storm",be tossed with tempest. ,"From the same as  (G5494) cheimon; to storm, i.e. (passively) to labor under a gale -- be tossed with tempest. <p>see GREEK  (G5494) cheimon "
g,5493,"χείμαρρος, ου, ὁ","Noun, Masculine",cheimarros,(khi'-mar-hros),"flowing in winter, a torrent",brook. ,"From the base of  (G5494) cheimon and  (G4482) rheo; a storm-runlet, i.e. Winter-torrent -- brook. <p>see GREEK  (G5494) cheimon <p>see GREEK  (G4482) rheo "
g,5494,"χειμών, ῶνος, ὁ","Noun, Masculine",cheimón,(khi-mone'),"winter, a storm","tempest, foul weather, winter. ","From a derivative of cheo (to pour; akin to the base of  (G5490) chasma through the idea of a channel), meaning a storm (as pouring rain); by implication, the rainy season, i.e. Winter -- tempest, foul weather, winter. "
g,5495,"χείρ, χειρός, ἡ","Noun, Feminine",cheir,(khire),the hand,hand. ,Perhaps from the base of  (G5494) cheimon in the sense of its congener the base of  (G5490) chasma (through the idea of hollowness for grasping); the hand (literally or figuratively (power); especially (by Hebraism) a means or instrument) -- hand. <p>see GREEK  (G5494) cheimon <p>see GREEK  (G5490) chasma
g,5496,χειραγωγέω,Verb,cheiragógeó,(khi-rag-ogue-eh'-o),to lead by the hand,lead by the hand. ,"From  (G5497) cheiragogos; to be a hand-leader, i.e. To guide (a blind person) -- lead by the hand. <p>see GREEK  (G5497) cheiragogos "
g,5497,"χειραγωγός, οῦ, ὁ","Noun, Masculine",cheiragógos,(khi-rag-o-gos'),leading by the hand,leader by the hand. ,"From  (G5495) cheir and a reduplicated form of  (G71) ago; a hand-leader, i.e. Personal conductor (of a blind person) -- some to lead by the hand. <p>see GREEK  (G5495) cheir <p>see GREEK  (G71) ago "
g,5498,"χειρόγραφον, ου, τό","Noun, Neuter",cheirographon,(khi-rog'-raf-on),"a (handwritten) document, legal note, bond","manuscript, record of debts","Neuter of a compound of  (G5495) cheir and  (G1125) grapho; something hand-written (""chirograph""), i.e. A manuscript (specially, a legal document or bond (figuratively)) -- handwriting. <p>see GREEK  (G5495) cheir <p>see GREEK  (G1125) grapho "
g,5499,"χειροποίητος, ον",Adjective,cheiropoiétos,(khi-rop-oy'-ay-tos),made by hand,make by hand,"From  (G5495) cheir and a derivative of  (G4160) poieo; manufactured, i.e. Of human construction -- made by (make with) hands. <p>see GREEK  (G5495) cheir <p>see GREEK  (G4160) poieo "
g,5500,χειροτονέω,Verb,cheirotoneó,(khi-rot-on-eh'-o),"to vote by stretching out the hand, to appoint","choose, ordain. ","From a comparative of  (G5495) cheir and teino (to stretch); to be a hand-reacher or voter (by raising the hand), i.e. (generally) to select or appoint -- choose, ordain. <p>see GREEK  (G5495) cheir "
g,5501,"χείρων, ον",Adjective,cheirón,(khi'-rone),worse,"sorer, worse. ","Irregular comparative of  (G2556) kakos; from an obsolete equivalent cheres (of uncertain derivation); more evil or aggravated (physically, mentally or morally) -- sorer, worse. <p>see GREEK  (G2556) kakos "
g,5502,Χερουβίμ,"Proper Noun, Indeclinable",Cheroubin,(kher-oo-beem'),"Cherubim, heavenly beings who serve God",cherubims. ,"Plural of Hebrew origin ( (H3742) kruwb); ""cherubim"" (i.e. Cherubs or kerubim) -- cherubims. <p>see HEBREW  (H3742) kruwb "
g,5503,"χήρα, ας, ἡ","Noun, Feminine",chéra,(khay'-rah),a widow,widow. ,"Feminine of a presumed derivative apparently from the base of  (G5490) chasma through the idea of deficiency; a widow (as lacking a husband), literally or figuratively -- widow. <p>see GREEK  (G5490) chasma "
g,5504,χθές,Adverb,chthes,(khthes),yesterday,yesterday. ,"Of uncertain derivation; ""yesterday""; by extension, in time past or hitherto -- yesterday. "
g,5505,"χιλιάς, άδος, ἡ","Noun, Feminine",chilias,(khil-ee-as'),one thousand,thousand. ,"From  (G5507) chilioi; one thousand (""chiliad"") -- thousand. <p>see GREEK  (G5507) chilioi "
g,5506,"χιλίαρχος, ου, ὁ","Noun, Masculine",chiliarchos,(khil-ee'-ar-khos),"a chiliarch, a commander of a thousand","commander, captain","From  (G5507) chilioi and  (G757) archo; the commander of a thousand soldiers (""chiliarch""; i.e. Colonel -- (chief, high) captain. <p>see GREEK  (G5507) chilioi <p>see GREEK  (G757) archo "
g,5507,"χίλιοι, αι, α",Adjective,chilioi,(khil'-ee-oy),a thousand,thousand. ,Plural of uncertain affinity; a thousand -- thousand.
g,5508,"Χίος, ου, ἡ","Noun, Feminine",Chios,(khee'-os),"Chios, an island in the Aegean Sea",Chios. ,"Of uncertain derivation; Chios, an island in the Mediterranean -- Chios. "
g,5509,"χιτών, ῶνος, ὁ","Noun, Masculine",chitón,(khee-tone'),a tunic,"tunic, coat","Of foreign origin ( (H3801) kthoneth); a tunic or shirt -- clothes, coat, garment. <p>see HEBREW  (H3801) kthoneth "
g,5510,"χιών, όνος, ἡ","Noun, Feminine",chión,(khee-one'),snow,snow. ,Perhaps akin to the base of  (G5490) chasma ( (G5465) chalao) or  (G5494) cheimon (as descending or empty); snow -- snow. <p>see GREEK  (G5490) chasma <p>see GREEK  (G5465) chalao <p>see GREEK  (G5494) cheimon
g,5511,"χλαμύς, ύδος, ἡ","Noun, Feminine",chlamus,(khlam-ooce'),a chlamys or short cloak,robe. ,Of uncertain derivation; a military cloak -- robe.
g,5512,χλευάζω,Verb,chleuazó,(khlyoo-ad'-zo),"to jest, mock, jeer",mock. ,"From a derivative probably of  (G5491) cheilos; to throw out the lip, i.e. Jeer at -- mock. <p>see GREEK  (G5491) cheilos "
g,5513,"χλιαρός, ά, όν",Adjective,chliaros,(khlee-ar-os'),"tepid, warm",lukewarm. ,From chlio (to warm); tepid -- lukewarm.
g,5514,"Χλόη, ης, ἡ","Noun, Feminine",Chloé a prim. word,(khlo'-ay),Chloe,Chloe. ,"Feminine of apparently a primary word; ""green""; Chloe, a Christian female -- Chloe. "
g,5515,"χλωρός, ά, όν",Adjective,chlóros,(khlo-ros'),"pale green, pale","green, pale. ","From the same as  (G5514) Chloe; greenish, i.e. Verdant, dun-colored -- green, pale. <p>see GREEK  (G5514) Chloe "
g,5516,χξϛ,-,chxs,(khee xee stig'-ma),abbreviation for six hundred sixty-six,six hundred sixty-six. ,"The 22nd, 14th and an obsolete letter ( (G4742) stigma as a cross) of the Greek alphabet (intermediate between the 5th and 6th), used as numbers; denoting respectively 600, 60, and 6; 666 as a numeral -- six hundred threescore and six. <p>see GREEK  (G4742) stigma "
g,5517,"χοϊκός, ή, όν",Adjective,choikos,(kho-ik-os'),"earthy, made of dust",earthy. ,"From  (G5522) choos; dusty or dirty (soil-like), i.e. (by implication) terrene -- earthy. <p>see GREEK  (G5522) choos "
g,5518,"χοῖνιξ, ικος, ἡ","Noun, Feminine",choinix,(khoy'-nix),a choenix (a dry measure of less than a quart),measure. ,Of uncertain derivation; a choenix or certain dry measure -- measure.
g,5519,"χοῖρος, ου, ὁ","Noun, Masculine",choiros,(khoy'-ros),a swine,swine. ,Of uncertain derivation; a hog -- swine.
g,5520,χολάω,Verb,cholaó,(khol-ah'-o),"to be melancholy, mad, angry",be angry. ,"From  (G5521) chole; to be bilious, i.e. (by implication) irritable (enraged, ""choleric"") -- be angry. <p>see GREEK  (G5521) chole "
g,5521,"χολή, ῆς, ἡ","Noun, Feminine",cholé,(khol-ay'),gall (a bitter herb),gall. ,"Feminine of an equivalent perhaps akin to the same as  (G5514) Chloe (from the greenish hue); ""gall"" or bile, i.e. (by analogy) poison or an anodyne (wormwood, poppy, etc.) -- gall. "
g,5522,"χοῦς, χοός, ὁ","Noun, Masculine",choos,(kho'-os),dust,dust. ,"From the base of  (G5494) cheimon; a heap (as poured out), i.e. Rubbish; loose dirt -- dust. <p>see GREEK  (G5494) cheimon "
g,5523,"Χοραζίν, ἡ","Proper Noun, Indeclinable",Chorazin,(khor-ad-zin'),"Chorazin, a city of Galilee",Chorazin. ,"Of uncertain derivation; Chorazin, a place in Palestine -- Chorazin. "
g,5524,χορηγέω,Verb,chorégeó,(khor-ayg-eh'-o),"to lead a chorus (i.e. a group of performers), to defray the cost of a chorus","give, minister. ","From a compound of  (G5525) choros and  (G71) ago; to be a dance-leader, i.e. (generally) to furnish -- give, minister. <p>see GREEK  (G5525) choros <p>see GREEK  (G71) ago "
g,5525,"χορός, οῦ, ὁ","Noun, Masculine",choros,(khor-os'),"a dance, chorus",dancing. ,"Of uncertain derivation; a ring, i.e. Round dance (""choir"" -- dancing. "
g,5526,χορτάζω,Verb,chortazó,(khor-tad'-zo),"to feed, fatten, fill, satisfy","feed, fill, satisfy. ","From  (G5528) chortos; to fodder, i.e. (generally) to gorge (supply food in abundance) -- feed, fill, satisfy. <p>see GREEK  (G5528) chortos "
g,5527,"χόρτασμα, ατος, τό","Noun, Neuter",chortasma,(khor'-tas-mah),fodder,sustenance. ,"From  (G5526) chortazo; forage, i.e. Food -- sustenance. <p>see GREEK  (G5526) chortazo "
g,5528,"χόρτος, ου, ὁ","Noun, Masculine",chortos,(khor'-tos),"a feeding place, food, grass","grass, hay. ","Apparently a primary word; a ""court"" or ""garden"", i.e. (by implication, of pasture) herbage or vegetation -- blade, grass, hay. "
g,5529,"Χουζᾶς, ᾶ, ὁ","Noun, Masculine",Chouzas,(khood-zas'),"Chuza, an officer of Herod",Chuza. ,"Of uncertain origin; Chuzas, an officer of Herod -- Chuza. "
g,5530,χράομαι,Verb,chraomai,(khrah'-om-ahee),"to use, make use of","use, entreat","Middle voice of a primary verb (perhaps rather from  (G5495) cheir, to handle); to furnish what is needed; (give an oracle, ""graze"" (touch slightly), light upon, etc.), i.e. (by implication) to employ or (by extension) to act towards one in a given manner -- entreat, use. Compare  (G5531) chrao;  (G5534) chre. <p>see GREEK  (G5531) chrao <p>see GREEK  (G5495) cheir <p>see GREEK  (G5534) chre "
g,5531,χράω,Verb,chraó or kichrémi,(khrah'-o),to lend,lend. ,Probably the same as the base of  (G5530) chraomai; to loan -- lend. <p>see GREEK  (G5530) chraomai
g,5532,"χρεία, ας, ἡ","Noun, Feminine",chreia,(khri'-ah),"need, business","need, want","From the base of  (G5530) chraomai or  (G5534) chre; employment, i.e. An affair; also (by implication) occasion, demand, requirement or destitution -- business, lack, necessary(-ity), need(-ful), use, want. <p>see GREEK  (G5534) chre <p>see GREEK  (G5530) chraomai "
g,5533,"χρεωφειλέτης, ου, ὁ","Noun, Masculine",chreopheiletés,(khreh-o-fi-let'-ace),a debtor,debtor. ,"From a derivative of  (G5531) chrao and  (G3781) opheiletes; a loan-ower, i.e. Indebted person -- debtor. <p>see GREEK  (G5531) chrao <p>see GREEK  (G3781) opheiletes "
g,5534,χρή,Verb,chré,(khray),"it is necessary, fitting",ought. ,Third person singular of the same as  (G5530) chraomai or  (G5531) chrao used impersonally; it needs (must or should) be -- ought. <p>see GREEK  (G5530) chraomai <p>see GREEK  (G5531) chrao
g,5535,χρῄζω,Verb,chrézó,(khrade'-zo),"to need, have need of",have need. ,"From  (G5532) chreia; to make (i.e. Have) necessity, i.e. Be in want of -- (have) need. <p>see GREEK  (G5532) chreia "
g,5536,"χρῆμα, ατος, τό","Noun, Neuter",chréma,(khray'-mah),a thing that one uses or needs,"money, riches. ","Something useful or needed, i.e. Wealth, price -- money, riches. "
g,5537,χρηματίζω,Verb,chrématizó,(khray-mat-id'-zo),"to transact business, to make answer","instruct, reveal, warn","From  (G5536) chrema; to utter an oracle (compare the original sense of  (G5530) chraomai), i.e. Divinely intimate; by implication, (compare the secular sense of  (G5532) chreia) to constitute a firm for business, i.e. (generally) bear as a title -- be called, be admonished (warned) of God, reveal, speak. <p>see GREEK  (G5536) chrema <p>see GREEK  (G5530) chraomai <p>see GREEK  (G5532) chreia "
g,5538,"χρηματισμός, οῦ, ὁ","Noun, Masculine",chrématismos,(khray-mat-is-mos'),"a divine response, an oracle",a divine response,From  (G5537) chrematizo; a divine response or revelation -- answer of God. <p>see GREEK  (G5537) chrematizo
g,5539,"χρήσιμος, η, ον",Adjective,chrésimos,(khray'-see-mos),useful,profit. ,From  (G5540) chresis; serviceable -- profit. <p>see GREEK  (G5540) chresis
g,5540,"χρῆσις, εως, ἡ","Noun, Feminine",chrésis,(khray'-sis),use (as in a sexual sense),use. ,"From  (G5530) chraomai; employment, i.e. (specially), sexual intercourse (as an occupation of the body) -- use. <p>see GREEK  (G5530) chraomai "
g,5541,χρηστεύομαι,Verb,chrésteuomai,(khraste-yoo'-om-ahee),to be kind,be kind. ,"Middle voice from  (G5543) chrestos; to show oneself useful, i.e. Act benevolently -- be kind. <p>see GREEK  (G5543) chrestos "
g,5542,"χρηστολογία, ας, ἡ","Noun, Feminine",chréstologia,(khrase-tol-og-ee'-ah),smooth speech,good words. ,"From a compound of  (G5543) chrestos and  (G3004) lego; fair speech, i.e. Plausibility -- good words. <p>see GREEK  (G5543) chrestos <p>see GREEK  (G3004) lego "
g,5543,"χρηστός, ή, όν",Adjective,chréstos,(khrase-tos'),"serviceable, good","better, easy, gracious, kind. ","From  (G5530) chraomai; employed, i.e. (by implication) useful (in manner or morals) -- better, easy, good(-ness), gracious, kind. <p>see GREEK  (G5530) chraomai "
g,5544,"χρηστότης, τητος, ἡ","Noun, Feminine",chréstotés,(khray-stot'-ace),"goodness, excellence, uprightness","gentleness, goodness, kindness. ","From  (G5543) chrestos; usefulness, i.e. Morally, excellence (in character or demeanor) -- gentleness, good(-ness), kindness. <p>see GREEK  (G5543) chrestos "
g,5545,"χρίσμα, ατος, τό","Noun, Neuter",chrisma,(khris'-mah),"an anointing, unction","anointing, unction. ","From  (G5548) chrio; an unguent or smearing, i.e. (figuratively) the special endowment (""chrism"") of the Holy Spirit -- anointing, unction. <p>see GREEK  (G5548) chrio "
g,5546,"Χριστιανός, οῦ, ὁ","Noun, Masculine",Christianos,(khris-tee-an-os'),a Christian,Christian. ,"From  (G5547) Christos; a Christian, i.e. Follower of Christ -- Christian. <p>see GREEK  (G5547) Christos "
g,5547,"Χριστός, οῦ, ὁ","Noun, Masculine",Christos,(khris-tos'),"the Anointed One, Messiah, Christ",Christ. ,"From  (G5548) chrio; Anointed One, i.e. The Messiah, an epithet of Jesus -- Christ. <p>see GREEK  (G5548) chrio "
g,5548,χρίω,Verb,chrió,(khree'-o),to anoint,anoint. ,"Probably akin to  (G5530) chraomai through the idea of contact; to smear or rub with oil, i.e. (by implication) to consecrate to an office or religious service -- anoint. <p>see GREEK  (G5530) chraomai "
g,5549,χρονίζω,Verb,chronizó,(khron-id'-zo),"to spend or take time, delay","delay, tarry. ","From  (G5550) chronos; to take time, i.e. Linger -- delay, tarry. <p>see GREEK  (G5550) chronos "
g,5550,"χρόνος, ου, ὁ","Noun, Masculine",chronos,(khron'-os),time,"time, season","Of uncertain derivation; a space of time (in general, and thus properly distinguished from  (G2540) kairos, which designates a fixed or special occasion; and from  (G165) aion, which denotes a particular period) or interval; by extension, an individual opportunity; by implication, delay -- + years old, season, space, (X often-)time(-s), (a) while. <p>see GREEK  (G2540) kairos <p>see GREEK  (G165) aion "
g,5551,χρονοτριβέω,Verb,chronotribeó,(khron-ot-rib-eh'-o),to spend time,spend time. ,"From a presumed compound of  (G5550) chronos and the base of  (G5147) tribos; to be a time-wearer, i.e. To procrastinate (linger) -- spend time. <p>see GREEK  (G5550) chronos <p>see GREEK  (G5147) tribos "
g,5552,"χρυσοῦς, ῆ, οῦν",Adjective,chrusous,(khroo'-seh-os),golden,golden,"From  (G5557) chrusos; made of gold -- of gold, golden. <p>see GREEK  (G5557) chrusos "
g,5553,"χρυσίον, ου, τό","Noun, Neuter",chrusion,(khroo-see'-on),"a piece of gold, gold",gold. ,"Diminutive of  (G5557) chrusos; a golden article, i.e. Gold plating, ornament, or coin -- gold. <p>see GREEK  (G5557) chrusos "
g,5554,"χρυσοδακτύλιος, ον",Adjective,chrusodaktulios,(khroo-sod-ak-too'-lee-os),with a gold ring,with a gold ring. ,"From  (G5557) chrusos and  (G1146) daktulios; gold-ringed, i.e. Wearing a golden finger-ring or similar jewelry -- with a gold ring. <p>see GREEK  (G5557) chrusos <p>see GREEK  (G1146) daktulios "
g,5555,"χρυσόλιθος, ου, ὁ","Noun, Masculine",chrusolithos,(khroo-sol'-ee-thos),a chrysolite (a yellow gem),chrysolite. ,"From  (G5557) chrusos and  (G3037) lithos; gold-stone, i.e. A yellow gem (""chrysolite"") -- chrysolite. <p>see GREEK  (G5557) chrusos <p>see GREEK  (G3037) lithos "
g,5556,"χρυσόπρασος, ου, ὁ","Noun, Masculine",chrusoprasos,(khroo-sop'-ras-os),a chrysoprase (a greenish-yellow gem),chrysoprase. ,"From  (G5557) chrusos and prason (a leek); a greenish-yellow gem (""chrysoprase"") -- chrysoprase. <p>see GREEK  (G5557) chrusos "
g,5557,"χρυσός, οῦ, ὁ","Noun, Masculine",chrusos,(khroo-sos'),gold,gold. ,"Perhaps from the base of  (G5530) chraomai (through the idea of the utility of the metal); gold; by extension, a golden article, as an ornament or coin -- gold. <p>see GREEK  (G5530) chraomai "
g,5558,χρυσόω,Verb,chrusoó,(khroo-so'-o),"to gild, to cover with gold","adorn, deck","From  (G5557) chrusos; to gild, i.e. Bespangle with golden ornaments -- deck. <p>see GREEK  (G5557) chrusos "
g,5559,"χρώς, ωτός, ὁ","Noun, Masculine",chrós,(khroce),"the surface of the body, skin",skin,"Probably akin to the base of  (G5530) chraomai through the idea of handling; the body (properly, its surface or skin) -- body. <p>see GREEK  (G5530) chraomai "
g,5560,"χωλός, ή, όν",Adjective,chólos,(kho-los'),"lame, halt, maimed",lame,"Apparently a primary word; ""halt"", i.e. Limping -- cripple, halt, lame. "
g,5561,"χώρα, ας, ἡ","Noun, Feminine",chóra,(kho'-rah),"a space, place, land","county, fields, ground, land, region. ","Feminine of a derivative of the base of  (G5490) chasma through the idea of empty expanse; room, i.e. A space of territory (more or less extensive; often including its inhabitants) -- coast, county, fields, ground, land, region. Compare  (G5117) topos. <p>see GREEK  (G5117) topos <p>see GREEK  (G5490) chasma "
g,5562,χωρέω,Verb,chóreó,(kho-reh'-o),"to make room, advance, hold","make room, hold","From  (G5561) chora; to be in (give) space, i.e. (intransitively) to pass, enter, or (transitively) to hold, admit (literally or figuratively) -- come, contain, go, have place, (can, be room to) receive. <p>see GREEK  (G5561) chora "
g,5563,χωρίζω,Verb,chórizó,(kho-rid'-zo),"to separate, divide","separate, depart, put asunder","From  (G5561) chora; to place room between, i.e. Part; reflexively, to go away -- depart, put asunder, separate. <p>see GREEK  (G5561) chora "
g,5564,"χωρίον, ου, τό","Noun, Neuter",chórion,(kho-ree'-on),"a place, property","field, land, parcel of ground","Diminutive of  (G5561) chora; a spot or plot of ground -- field, land, parcel of ground, place, possession. <p>see GREEK  (G5561) chora "
g,5565,χωρίς,Adverb,chóris,(kho-rece'),"separately, separate from","beside, by itself, without. ","Adverb from  (G5561) chora; at a space, i.e. Separately or apart from (often as preposition) -- beside, by itself, without. <p>see GREEK  (G5561) chora "
g,5566,"χῶρος, ου, ὁ","Noun, Masculine",chóros,(kho'-ros),the northwest wind,northwest wind,Of Latin origin; the north-west wind -- north west.
g,5567,ψάλλω,Verb,psalló,(psal'-lo),"to pull, twitch, twang, play, sing","sing, make melody","Probably strengthened from psao (to rub or touch the surface; compare  (G5597) psocho); to twitch or twang, i.e. To play on a stringed instrument (celebrate the divine worship with music and accompanying odes) -- make melody, sing (psalms). <p>see GREEK  (G5597) psocho "
g,5568,"ψαλμός, οῦ, ὁ","Noun, Masculine",psalmos,(psal-mos'),"a striking (of musical strings), a psalm",psalm. ,"From  (G5567) psallo; a set piece of music, i.e. A sacred ode (accompanied with the voice, harp or other instrument; a ""psalm""); collectively, the book of the Psalms -- psalm. Compare  (G5603) oide. <p>see GREEK  (G5567) psallo <p>see GREEK  (G5603) oide "
g,5569,"ψευδάδελφος, ου, ὁ","Noun, Masculine",pseudadelphos,(psyoo-dad'-el-fos),a false brother,false brethren. ,"From  (G5571) pseudes and  (G80) adephos; a spurious brother, i.e. Pretended associate -- false brethren. <p>see GREEK  (G5571) pseudes <p>see GREEK  (G80) adephos "
g,5570,"ψευδαπόστολος, ου, ὁ","Noun, Masculine",pseudapostolos,(psyoo-dap-os'-tol-os),a false apostle,false teacher. ,"From  (G5571) pseudes and  (G652) apostolos; a spurious apostle, i.e. Pretended pracher -- false teacher. <p>see GREEK  (G5571) pseudes <p>see GREEK  (G652) apostolos "
g,5571,"ψευδής, ές",Adjective,pseudés,(psyoo-dace'),"lying, false","false, lying","From  (G5574) pseudomai; untrue, i.e. Erroneous, deceitful, wicked -- false, liar. <p>see GREEK  (G5574) pseudomai "
g,5572,"ψευδοδιδάσκαλος, ου, ὁ","Noun, Masculine",pseudodidaskalos,(psyoo-dod-id-as'-kal-os),a false teacher,false teacher. ,"From  (G5571) pseudes and  (G1320) didaskalos; a spurious teacher, i.e. Propagator of erroneous Christian doctrine -- false teacher. <p>see GREEK  (G5571) pseudes <p>see GREEK  (G1320) didaskalos "
g,5573,"ψευδολόγος, ον",Adjective,pseudologos,(psyoo-dol-og'-os),"speaking falsely, lying",speaking lies. ,"From  (G5571) pseudes and  (G3004) lego; mendacious, i.e. Promulgating erroneous Christian doctrine -- speaking lies. <p>see GREEK  (G5571) pseudes <p>see GREEK  (G3004) lego "
g,5574,ψεύδομαι,Verb,pseudomai,(psyoo'-dom-ahee),to lie,"to lie, speak falsely","Middle voice of an apparently primary verb; to utter an untruth or attempt to deceive by falsehood -- falsely, lie. "
g,5575,"ψευδόμαρτυς, υρος, ὁ","Noun, Masculine<br><span class=""tophdg"">Phonetic Spelling: </span>(psyoo-dom-ar\'-toor)<br><span class=""tophdg"">Definition: </span>false witness<br><span class=""tophdg"">Usage: </span>a false witness.<div class=""vheading2"">Thayer\'s Greek Lexicon</div><span class=""maintitle"">STRONGS NT 5575: \xcf\x88\xce\xb5\xcf\x85\xce\xb4\xce\xbf\xce\xbc\xce\xb1\xcf\x81\xcf\x84\xcf\x85\xcf\x81</span><br><br><span class=""arttitle""><span class=""grktitle"">\xcf\x88\xce\xb5\xcf\x85\xce\xb4\xce\xbf\xce\xbc\xce\xb1\xcf\x81\xcf\x84\xcf\x85\xcf\x81</span></span>, unless more correctly <span class=""greek2"">\xcf\x88\xce\xb5\xcf\x85\xce\xb4\xcf\x8c\xce\xbc\xce\xb1\xcf\x81\xcf\x84\xcf\x85\xcf\x82</span> or rather <span class=""greek2"">\xcf\x88\xce\xb5\xcf\x85\xce\xb4\xcf\x8c\xce\xbc\xce\xb1\xcf\x81\xcf\x84\xcf\x85\xcf\x82</span> (as <span class=""greek2"">\xe1\xbc\x80\xcf\x85\xcf\x84\xce\xbf\xce\xbc\xce\xb1\xcf\x81\xcf\x84\xcf\x85\xcf\x81</span>; see <span class=""abbreviation"">Passow</span>, under the word, <span class=""greek2"">\xcf\x88\xce\xb5\xcf\x85\xce\xb4\xcf\x8c\xce\xbc\xce\xb1\xcf\x81\xcf\x84\xcf\x85\xcf\x82</span> (especially Lob. Paralip., p. 217; cf. <span class=""abbreviation"">Etym. Magn.</span> 506, 26)), <span class=""greek2"">\xcf\x88\xce\xb5\xcf\x85\xce\xb4\xce\xbf\xce\xbc\xce\xb1\xcf\x81\xcf\x84\xcf\x85\xcf\x81\xce\xbf\xcf\x82</span>, <span class=""greek2"">\xe1\xbd\x81</span>, (<span class=""greek2"">\xcf\x88\xce\xb5\xcf\x85\xce\xb4\xce\xae\xcf\x82</span> and <span class=""greek2"">\xce\xbc\xce\xac\xcf\x81\xcf\x84\xcf\x85\xcf\x81</span> (which see)), <span class=""accented"">a false witness</span>: <a href=""/interlinear/matthew/26-60.htm"">Matthew 26:60</a>; <span class=""greek2"">\xcf\x84\xce\xbf\xe1\xbf\xa6</span> <span class=""greek2"">\xce\xb8\xce\xb5\xce\xbf\xe1\xbf\xa6</span>, false witnesses of i. e. concerning God (<span class=""abbreviation"">Winer</span>\'s Grammar, \xc2\xa7 30, 1 a.), <a href=""/interlinear/1_corinthians/15-15.htm"">1 Corinthians 15:15</a>. (<span class=""abbreviation"">Plato</span>, Gorgias, p. 472b.; <span class=""abbreviation"">Aristotle</span>, pol. 2, 9, 8 (p. 1274b, 6; but the true reading here is <span class=""greek2"">\xcf\x88\xce\xb5\xcf\x85\xce\xb4\xce\xbf\xce\xbc\xce\xb1\xcf\x81\xcf\x84\xcf\x85\xcf\x81\xce\xb9\xcf\x89\xce\xbd</span> (see Bentley\'s Works, Dyce edition, vol. i., p. 408); a better example is <span class=""abbreviation"">Aristotle</span>, rhet. ad Alex. 16, p. 1432{a}, 6; cf. <span class=""abbreviation"">Plutarch</span>, praec. ger. reip. 29, 1; Apostolic Constitutions 5, 9; <span class=""abbreviation"">Pollux</span> 6, 36, 153).)<FOOTNOTE:1>   <p><span class=""maintitle"">STRONGS NT 5575: \xcf\x88\xce\xb5\xcf\x85\xce\xb4\xcf\x8c\xce\xbc\xce\xb1\xcf\x81\xcf\x84\xcf\x85\xcf\x82</span><span class=""arttitle""><span class=""grktitle"">\xcf\x88\xce\xb5\xcf\x85\xce\xb4\xcf\x8c\xce\xbc\xce\xb1\xcf\x81\xcf\x84\xcf\x85\xcf\x82</span></span>, see  <span class=""greek2""><span class=""lexref"">\xcf\x88\xce\xb5\xcf\x85\xce\xb4\xce\xbf\xce\xbc\xce\xb1\xcf\x81\xcf\x84\xcf\x85\xcf\x81</span></span>.   <br><br><iframe width=""100%"" height=""85"" scrolling=no src=""/bsoft.htm"" frameborder=0 cellpadding=0></iframe><div class=""vheading2"">Strong\'s Exhaustive Concordance</div>false witness. <p>From <a href=""/greek/5571.htm"">pseudes</a> and a kindred form of <a href=""/greek/3144.htm"">martus</a>; a spurious witness, i.e. Bearer of untrue testimony -- false witness. <p>see GREEK <a href=""/greek/5571.htm"">pseudes</a> <p>see GREEK <a href=""/greek/3144.htm"">martus</a> <div cla",pseudomartus,(psyoo-dom-ar'-toor),false witness,false witness. ,"From  (G5571) pseudes and a kindred form of  (G3144) martus; a spurious witness, i.e. Bearer of untrue testimony -- false witness. <p>see GREEK  (G5571) pseudes <p>see GREEK  (G3144) martus "
g,5576,ψευδομαρτυρέω,Verb,pseudomartureó,(psyoo-dom-ar-too-reh'-o),"to bear false witness, give false testimony",bear false witness. ,"From  (G5575) pseudomartur; to be an untrue testifier, i.e. Offer falsehood in evidence -- be a false witness. <p>see GREEK  (G5575) pseudomartur "
g,5577,"ψευδομαρτυρία, ας, ἡ","Noun, Feminine",pseudomarturia,(psyoo-dom-ar-too-ree'-ah),"false witness, false testimony",false witness. ,From  (G5575) pseudomartur; untrue testimony -- false witness. <p>see GREEK  (G5575) pseudomartur
g,5578,"ψευδοπροφήτης, ου, ὁ","Noun, Masculine",pseudoprophétés,(psyoo-dop-rof-ay'-tace),a false prophet,false prophet. ,"From  (G5571) pseudes and  (G4396) prophetes; a spurious prophet, i.e. Pretended foreteller or religious impostor -- false prophet. <p>see GREEK  (G5571) pseudes <p>see GREEK  (G4396) prophetes "
g,5579,"ψεῦδος, ους, τό","Noun, Neuter",pseudos,(psyoo'-dos),"a falsehood, untruth, lie","lie, lying. ","From  (G5574) pseudomai; a falsehood -- lie, lying. <p>see GREEK  (G5574) pseudomai "
g,5580,"ψευδόχριστος, ου, ὁ","Noun, Masculine",pseudochristos,(psyoo-dokh'-ris-tos),a false Christ or Messiah,false Christ. ,From  (G5571) pseudes and  (G5547) Christos; a spurious Messiah -- false Christ. <p>see GREEK  (G5571) pseudes <p>see GREEK  (G5547) Christos
g,5581,"ψευδώνυμος, ον",Adjective,pseudónumos,(psyoo-do'-noo-mos),"under a false name, falsely called",falsely called. ,From  (G5571) pseudes and  (G3686) onoma; untruly named -- falsely so called. <p>see GREEK  (G5571) pseudes <p>see GREEK  (G3686) onoma
g,5582,"ψεῦσμα, ατος, τό","Noun, Neuter",pseusma,(psyoos'-mah),"a lie, falsehood",lie. ,"From  (G5574) pseudomai; a fabrication, i.e. Falsehood -- lie. <p>see GREEK  (G5574) pseudomai "
g,5583,"ψεύστης, ου, ὁ","Noun, Masculine",pseustés from the same as NG5574,(psyoos-tace'),liar,liar. ,From  (G5574) pseudomai; a falsifier -- liar. <p>see GREEK  (G5574) pseudomai
g,5584,ψηλαφάω,Verb,psélaphaó,(psay-laf-ah'-o),to feel or grope about,"grope around, handle, touch. ","From the base of  (G5567) psallo (compare  (G5586) psephos); to manipulate, i.e. Verify by contact; figuratively, to search for -- feel after, handle, touch. <p>see GREEK  (G5567) psallo <p>see GREEK  (G5586) psephos "
g,5585,ψηφίζω,Verb,pséphizó,(psay-fid'-zo),"to count, calculate","to count up, calculate","From  (G5586) psephos; to use pebbles in enumeration, i.e. (generally) to compute -- count. <p>see GREEK  (G5586) psephos "
g,5586,"ψῆφος, ου, ἡ","Noun, Feminine",pséphos,(psay'-fos),"a small smooth stone, a pebble","a voting-pebble, small stone","From the same as  (G5584) pselaphao; a pebble (as worn smooth by handling), i.e. (by implication, of use as a counter or ballot) a verdict (of acquittal) or ticket (of admission); a vote -- stone, voice. <p>see GREEK  (G5584) pselaphao "
g,5587,"ψιθυρισμός, οῦ, ὁ","Noun, Masculine",psithurismos,(psith-oo-ris-mos'),a whispering,whispering. ,"From a derivative of psithos (a whisper; by implication, a slander; probably akin to  (G5574) pseudomai); whispering, i.e. Secret detraction -- whispering. <p>see GREEK  (G5574) pseudomai "
g,5588,"ψιθυριστής, οῦ, ὁ","Noun, Masculine",psithuristés,(psith-oo-ris-tace'),a whisperer,whisperer. ,From the same as  (G5587) psithurismos; a secret calumniator -- whisperer. <p>see GREEK  (G5587) psithurismos
g,5589,"ψιχίον, ου, τό","Noun, Neuter",psichion,(psikh-ee'-on),a crumb (of bread),crumb. ,Diminutive from a derivative of the base of  (G5567) psallo (meaning a crumb); a little bit or morsel -- crumb. <p>see GREEK  (G5567) psallo
g,5590,"ψυχή, ῆς, ἡ","Noun, Feminine",psuché,(psoo-khay'),"breath, the soul","soul, life, self","From  (G5594) psucho; breath, i.e. (by implication) spirit, abstractly or concretely (the animal sentient principle only; thus distinguished on the one hand from  (G4151) pneuma, which is the rational and immortal soul; and on the other from  (G2222) zoe, which is mere vitality, even of plants: these terms thus exactly correspond respectively to the Hebrew  (H5315) nephesh,  (H7307) ruwach and  (H2416) chay) -- heart (+ -ily), life, mind, soul, + us, + you. <p>see GREEK  (G5594) psucho <p>see GREEK  (G4151) pneuma <p>see GREEK  (G2222) zoe <p>see HEBREW  (H5315) nephesh <p>see HEBREW  (H7307) ruwach <p>see HEBREW  (H2416) chay "
g,5591,"ψυχικός, ή, όν",Adjective,psuchikos,(psoo-khee-kos'),"natural, of the soul or mind","natural, sensual. ","From  (G5590) psuche; sensitive, i.e. Animate (in distinction on the one hand from  (G4152) pneumatikos, which is the higher or renovated nature; and on the other from  (G5446) phusikos, which is the lower or bestial nature) -- natural, sensual. <p>see GREEK  (G5590) psuche <p>see GREEK  (G4152) pneumatikos <p>see GREEK  (G5446) phusikos "
g,5592,"ψῦχος, ους, τό","Noun, Neuter",psuchos,(psoo'-khos),cold,cold. ,From  (G5594) psucho; coolness -- cold. <p>see GREEK  (G5594) psucho
g,5593,"ψυχρός, ά, όν",Adjective,psuchros,(psoo-chros'),cold,cold. ,From  (G5592) psuchos; chilly (literally or figuratively) -- cold. <p>see GREEK  (G5592) psuchos
g,5594,ψύχω,Verb,psuchó,(psoo'-kho),"to breathe, blow, to make cool",grow cold,"A primary verb; to breathe (voluntarily but gently, thus differing on the one hand from  (G4154) pneo, which denotes properly a forcible respiration; and on the other from the base of  (G109) aer, which refers properly to an inanimate breeze), i.e. (by implication, of reduction of temperature by evaporation) to chill (figuratively) -- wax cold. <p>see GREEK  (G4154) pneo <p>see GREEK  (G109) aer "
g,5595,ψωμίζω,Verb,psómizó,(pso-mid'-zo),to feed with morsels,to feed with morsels,"From the base of  (G5596) psomion; to supply with bits, i.e. (generally) to nourish -- (bestow to) feed. <p>see GREEK  (G5596) psomion "
g,5596,"ψωμίον, ου, τό","Noun, Neuter",psómion,(pso-mee'-on),"a fragment, morsel","morsel, crumb","Diminutive from a derivative of the base of  (G5597) psocho; a crumb or morsel (as if rubbed off), i.e. A mouthful -- sop. <p>see GREEK  (G5597) psocho "
g,5597,ψώχω,Verb,psóchó,(pso'-kho),to rub,rub. ,"Prolongation from the same base as  (G5567) psallo; to triturate, i.e. (by analogy) to rub out (kernels from husks with the fingers or hand) -- rub. <p>see GREEK  (G5567) psallo "
g,5598,Ὦ,Indeclinable Letter (Noun),O,(o'-meg-ah),the last letter of the Greek  alphabet,Omega. ,"The last letter of the Greek alphabet, i.e. (figuratively) the finality -- Omega. "
g,5599,ὦ,Interjection,ó,(o),"O, oh!",O. ,"A primary interjection; as a sign of the vocative case, O; as a note of exclamation, oh -- O. "
g,5600,"ὦ,",-,ó,(o),"may, might","may, might","Including the oblique forms, as well as es (ace); e (ay); etc. The subjunctive of  (G1510) eimi; (may, might, can, could, would, should, must, etc.; also with  (G1487) ei and its comparative, as well as with other particles) be -- + appear, are, (may, might, should) be, X have, is, + pass the flower of her age, should stand, were. <p>see GREEK  (G1510) eimi <p>see GREEK  (G1487) ei "
g,5601,"Ὠβήδ, ὁ","Proper Noun, Indeclinable",Obéd,(o-bade'),Obed,Obed. ,"Of Hebrew origin ( (H5744) Owbed); Obed, an Israelite -- Obed. <p>see HEBREW  (H5744) Owbed "
g,5602,ὧδε,Adverb,hóde,(ho'-deh),"so, to here, here","here, hither, in this place, there. ","From an adverb form of  (G3592) hode; in this same spot, i.e. Here or hither -- here, hither, (in) this place, there. <p>see GREEK  (G3592) hode "
g,5603,"ᾠδή, ῆς, ἡ","Noun, Feminine",ódé,(o-day'),"a song, ode",song. ,"From  (G103) aido; a chant or ""ode"" (the general term for any words sung; while  (G5215) humnos denotes especially a religious metrical composition, and  (G5568) psalmos still more specially, a Hebrew cantillation) -- song. <p>see GREEK  (G103) aido <p>see GREEK  (G5215) humnos <p>see GREEK  (G5568) psalmos "
g,5604,"ὠδίν, ῖνος, ἡ","Noun, Feminine",ódin,(o-deen'),a birth pang,"pain, sorrow, travail. ","Akin to  (G3601) odune; a pang or throe, especially of childbirth -- pain, sorrow, travail. <p>see GREEK  (G3601) odune "
g,5605,ὠδίνω,Verb,ódinó,(o-dee'-no),"to have birth pangs, to travail",birth pains,From  (G5604) odin; to experience the pains of parturition (literally or figuratively) -- travail in (birth). <p>see GREEK  (G5604) odin
g,5606,"ὦμος, ου, ὁ","Noun, Masculine",ómos,(o'-mos),the shoulder,shoulder. ,Perhaps from the alternate of  (G5342) phero; the shoulder (as that on which burdens are borne) -- shoulder. <p>see GREEK  (G5342) phero
g,5607,"ὤν,",-,"ón, ousa, on",(oan),"be, come, have","be, come, have. ","Including the feminine ousa (oo'-sah); and the neuter on (on) present participle of  (G1510) eimi; being -- be, come, have. <p>see GREEK  (G1510) eimi "
g,5608,ὠνέομαι,Verb,óneomai,(o-neh'-om-ahee),to buy,buy. ,Middle voice from an apparently primary onos (a sum or price); to purchase (synonymous with the earlier  (G4092) pimpremi) -- buy. <p>see GREEK  (G4092) pimpremi
g,5609,"ᾠόν, οῦ, τό","Noun, Neuter",óon,(o-on'),an egg,egg. ,"Apparently a primary word; an ""egg"" -- egg. "
g,5610,"ὥρα, ας, ἡ","Noun, Feminine",hóra,(ho'-rah),"a time or period, an hour","day, hour, instant, season","Apparently a primary word; an ""hour"" (literally or figuratively) -- day, hour, instant, season, X short, (even-)tide, (high) time. "
g,5611,"ὡραῖος, αία, αῖον",Adjective,hóraios,(ho-rah'-yos),"seasonable, timely",beautiful. ,"From  (G5610) hora; belonging to the right hour or season (timely), i.e. (by implication) flourishing (beauteous (figuratively)) -- beautiful. <p>see GREEK  (G5610) hora "
g,5612,ὠρύομαι,Verb,óruomai,(o-roo'-om-ahee),"to roar, howl",roar. ,"Middle voice of an apparently primary verb; to ""roar"" -- roar. "
g,5613,ὡς,Adverb,hós,(hoce),"as, like as, even as, when, since, as long as","as, that about, how","Probably adverb of comparative from  (G3739) hos; which how, i.e. In that manner (very variously used, as follows) -- about, after (that), (according) as (it had been, it were), as soon (as), even as (like), for, how (greatly), like (as, unto), since, so (that), that, to wit, unto, when(-soever), while, X with all speed. <p>see GREEK  (G3739) hos "
g,5614,ὡσαννά,Hebrew Form (Indclinable),hósanna,(ho-san-nah'),"save, we pray",hosanna. ,"Of Hebrew origin ( (H3467) yasha' and  (H4994) na'); oh save!; hosanna (i.e. Hoshia-na), an exclamation of adoration -- hosanna. <p>see HEBREW  (H3467) yasha' <p>see HEBREW  (H4994) na' "
g,5615,ὡσαύτως,Adverb,hósautós,(ho-sow'-toce),in like manner,"even so, likewise","From  (G5613) hos and an adverb from  (G846) autos; as thus, i.e. In the same way -- even so, likewise, after the same (in like) manner. <p>see GREEK  (G5613) hos <p>see GREEK  (G846) autos "
g,5616,ὡσεί,Adverb,hósei,(ho-si'),"as if, as it were, like","like, about","From  (G5613) hos and  (G1487) ei; as if -- about, as (it had been, it were), like (as). <p>see GREEK  (G5613) hos <p>see GREEK  (G1487) ei "
g,5617,"Ὡσηέ, ὁ","Proper Noun, Indeclinable",Hósée,(ho-say-eh'),"Hosea, an Israelite prophet",Osee. ,"Of Hebrew origin ( (H1954) Howshea'); Hosee (i.e. Hoshea), an Israelite -- Osee. <p>see HEBREW  (H1954) Howshea' "
g,5618,ὥσπερ,Adverb,hósper,(hoce'-per),"just as, even as","just as, even as","From  (G5613) hos and  (G4007) per; just as, i.e. Exactly like -- (even, like) as. <p>see GREEK  (G5613) hos <p>see GREEK  (G4007) per "
g,5619,ὡσπερεί,Adverb,hósperei,(hoce-per-i'),"as, as it were",as. ,"From  (G5618) hosper and  (G1487) ei; just as if, i.e. As it were -- as. <p>see GREEK  (G5618) hosper <p>see GREEK  (G1487) ei "
g,5620,ὥστε,Conjunction,hóste,(hoce'-teh),"so as to, so then, therefore",so that,"From  (G5613) hos and  (G5037) te; so too, i.e. Thus therefore (in various relations of consecution, as follow) -- (insomuch) as, so that (then), (insomuch) that, therefore, to, wherefore. <p>see GREEK  (G5613) hos <p>see GREEK  (G5037) te "
g,5621,"ὠτίον, ου, τό","Noun, Neuter",otion,(o-tee'-on),an ear,ear. ,"Diminutive of  (G3775) ous; an earlet, i.e. One of the ears, or perhaps the lobe of the ear -- ear. <p>see GREEK  (G3775) ous "
g,5622,"ὠφέλεια, ας, ἡ","Noun, Feminine",ópheleia,(o-fel'-i-ah),"assistance, profit, benefit","advantage, profit. ","From a derivative of the base of  (G5624) ophelimos; usefulness, i.e. Benefit -- advantage, profit. <p>see GREEK  (G5624) ophelimos "
g,5623,ὠφελέω,Verb,ópheleó,(o-fel-eh'-o),"to help, benefit, do good","profit, prevail","From the same as  (G5622) opheleia; to be useful, i.e. To benefit -- advantage, better, prevail, profit. <p>see GREEK  (G5622) opheleia "
g,5624,"ὠφέλιμος, ον",Adjective,óphelimos,(o-fel'-ee-mos),"useful, profitable","useful, profitable","From a form of  (G3786) ophelos; helpful or serviceable, i.e. Advantageous -- profit(-able). <p>see GREEK  (G3786) ophelos "